Index,First,Quality_1,Second,Quality_2,Type,Longitude,Latitude,ElevAngle,Temp
0,2023-06-08 10:53:48,9,2023-06-08 20:18:48,9,Midnight,125.69,26.006,-6.0,26.8
4,2023-06-10 10:49:48,9,2023-06-10 20:28:48,9,Midnight,125.038,22.915,-6.0,27.63
10,2023-06-13 10:49:48,9,2023-06-13 20:23:48,9,Midnight,125.817,23.781,-6.0,27.34
11,2023-06-13 20:23:48,9,2023-06-14 10:53:48,9,Midday,125.343,24.54,-6.0,26.66
26,2023-06-21 11:02:48,9,2023-06-21 20:16:48,9,Midnight,125.498,27.531,-6.0,27.14
32,2023-06-24 10:51:48,9,2023-06-24 20:30:48,9,Midnight,125.285,22.538,-6.0,28.21
35,2023-06-25 20:32:48,9,2023-06-26 10:49:48,9,Midday,125.365,21.669,-6.0,28.8
36,2023-06-26 10:49:48,9,2023-06-26 20:34:48,9,Midnight,125.141,21.293,-6.0,28.74
39,2023-06-28 20:31:48,9,2023-06-29 10:50:48,9,Midday,125.52,22.224,-6.0,28.84
40,2023-06-29 10:50:48,9,2023-06-29 20:43:48,9,Midnight,124.045,19.626,-6.0,28.77
41,2023-06-29 20:43:48,9,2023-06-30 10:57:48,9,Midday,123.195,21.182,-6.0,28.12
42,2023-06-30 10:57:48,9,2023-06-30 20:29:48,9,Midnight,124.97,24.259,-6.0,28.26
43,2023-06-30 20:29:48,9,2023-07-01 10:59:48,9,Midday,124.744,24.665,-6.0,27.75
47,2023-07-02 20:33:48,9,2023-07-03 10:57:48,9,Midday,124.59,23.558,-6.0,28.82
50,2023-07-04 10:51:48,9,2023-07-04 20:51:48,9,Midnight,123.158,18.31,-6.0,29.44
51,2023-07-04 20:51:48,9,2023-07-05 11:04:48,9,Midday,121.555,21.321,-6.0,29.61
54,2023-07-06 11:00:48,9,2023-07-06 20:52:48,9,Midnight,121.995,20.357,-6.0,29.64
55,2023-07-06 20:52:48,9,2023-07-07 10:52:48,9,Midday,123.015,18.481,-6.0,30.05
56,2023-07-07 10:52:48,9,2023-07-07 20:51:48,9,Midnight,123.16,18.806,-6.0,29.22
57,2023-07-07 20:51:48,9,2023-07-08 10:48:48,9,Midday,123.68,17.85,-6.0,29.66
58,2023-07-08 10:48:48,9,2023-07-08 20:34:48,9,Midnight,125.824,21.934,-6.0,29.3
59,2023-07-08 20:34:48,9,2023-07-09 10:54:48,9,Midday,125.093,23.298,-6.0,29.26
60,2023-07-09 10:54:48,9,2023-07-09 20:36:48,9,Midnight,124.862,22.95,-6.0,28.91
61,2023-07-09 20:36:48,9,2023-07-10 10:56:48,9,Midday,124.63,23.424,-6.0,29.12
62,2023-07-10 10:56:48,9,2023-07-10 20:29:48,9,Midnight,125.523,25.041,-6.0,29.03
65,2023-07-11 20:28:48,9,2023-07-12 10:57:48,9,Midday,125.573,25.653,-6.0,29.33
66,2023-07-12 10:57:48,9,2023-07-12 20:31:48,9,Midnight,125.214,25.114,-6.0,29.17
69,2023-07-13 20:39:48,9,2023-07-14 10:48:48,9,Midday,125.384,21.468,-6.0,28.96
70,2023-07-14 10:48:48,9,2023-07-14 20:38:48,9,Midnight,125.523,21.806,-6.0,28.72
71,2023-07-14 20:38:48,9,2023-07-15 10:50:48,9,Midday,125.286,22.329,-6.0,28.53
73,2023-07-15 20:26:48,9,2023-07-16 10:58:48,9,Midday,125.811,26.962,-6.0,29.28
79,2023-07-18 20:29:48,9,2023-07-19 11:01:48,9,Midday,125.124,27.558,-6.0,28.14
80,2023-07-19 11:01:48,9,2023-07-19 20:37:48,9,Midnight,124.133,25.925,-6.0,28.48
81,2023-07-19 20:37:48,9,2023-07-20 10:53:48,9,Midday,125.141,24.178,-6.0,29.03
84,2023-07-21 10:51:48,9,2023-07-21 20:48:48,9,Midnight,124.036,21.326,-6.0,28.73
85,2023-07-21 20:48:48,9,2023-07-22 10:50:48,9,Midday,124.166,21.161,-6.0,29.39
91,2023-07-24 20:41:48,9,2023-07-25 10:56:48,9,Midday,124.312,25.073,-6.0,29.4
92,2023-07-25 10:56:48,9,2023-07-25 20:41:48,9,Midnight,124.313,25.201,-6.0,29.54
93,2023-07-25 20:41:48,9,2023-07-26 10:46:48,9,Midday,125.564,22.822,-6.0,28.33
95,2023-07-26 20:35:48,9,2023-07-27 10:54:48,9,Midday,125.313,26.557,-6.0,28.9
99,2023-07-28 20:41:48,9,2023-07-29 10:51:48,9,Midday,124.93,24.89,-6.0,28.58
100,2023-07-29 10:51:48,9,2023-07-29 20:42:48,9,Midnight,124.801,24.767,-6.0,28.42
101,2023-07-29 20:42:48,9,2023-07-30 10:51:48,9,Midday,124.797,24.919,-6.0,28.92
102,2023-07-30 10:51:48,9,2023-07-30 20:47:48,9,Midnight,124.167,23.739,-6.0,28.81
103,2023-07-30 20:47:48,9,2023-07-31 10:46:48,9,Midday,124.786,22.536,-6.0,29.14
104,2023-07-31 10:46:48,9,2023-07-31 20:45:48,9,Midnight,125.03,23.213,-6.0,28.71
105,2023-07-31 20:45:48,9,2023-08-01 10:48:48,9,Midday,124.773,23.921,-6.0,28.11
106,2023-08-01 10:48:48,9,2023-08-01 20:42:48,9,Midnight,125.141,24.864,-6.0,28.93
107,2023-08-01 20:42:48,9,2023-08-02 10:49:48,9,Midday,125.008,25.305,-6.0,28.77
108,2023-08-02 10:49:48,9,2023-08-02 20:36:48,9,Midnight,125.749,27.021,-6.0,27.83
110,2023-08-03 10:39:48,9,2023-08-03 20:47:48,9,Midnight,125.604,21.534,-6.0,28.45
120,2023-08-08 10:38:48,9,2023-08-08 20:55:48,9,Midnight,124.595,20.31,-6.0,28.48
123,2023-08-09 20:52:48,9,2023-08-10 10:38:48,9,Midday,124.917,21.862,-6.0,28.61
124,2023-08-10 10:38:48,9,2023-08-10 20:45:48,9,Midnight,125.774,24.243,-6.0,28.45
126,2023-08-11 10:34:48,9,2023-08-11 20:51:48,9,Midnight,125.485,21.365,-6.0,28.46
128,2023-08-12 10:29:48,9,2023-08-12 20:54:48,9,Midnight,125.693,18.919,-6.0,29.18
129,2023-08-12 20:54:48,9,2023-08-13 10:33:48,9,Midday,125.171,20.602,-6.0,28.84
130,2023-08-13 10:33:48,9,2023-08-13 20:51:48,9,Midnight,125.524,21.791,-6.0,28.7
134,2023-08-15 10:28:48,9,2023-08-15 20:56:48,9,Midnight,125.43,18.903,-6.0,29.78
135,2023-08-15 20:56:48,9,2023-08-16 10:25:48,9,Midday,125.78,17.998,-6.0,29.75
138,2023-08-17 10:25:48,9,2023-08-17 20:58:48,9,Midnight,125.452,17.683,-6.0,29.31
150,2023-08-24 10:18:48,9,2023-08-24 21:01:48,9,Midnight,125.527,16.052,-6.0,28.52
151,2023-08-24 21:01:48,9,2023-08-25 10:39:48,9,Midday,122.868,26.096,-6.0,29.36
152,2023-08-25 10:39:48,9,2023-08-25 21:04:48,9,Midnight,122.458,25.024,-6.0,28.02
153,2023-08-25 21:04:48,9,2023-08-26 10:36:48,9,Midday,122.799,24.14,-6.0,29.26
154,2023-08-26 10:36:48,9,2023-08-26 21:07:48,9,Midnight,122.388,22.952,-6.0,29.41
155,2023-08-26 21:07:48,9,2023-08-27 10:39:48,9,Midday,121.978,24.768,-6.0,28.59
156,2023-08-27 10:39:48,9,2023-08-27 21:12:48,9,Midnight,121.317,22.618,-6.0,28.68
157,2023-08-27 21:12:48,9,2023-08-28 10:35:48,9,Midday,121.781,21.091,-6.0,28.97
158,2023-08-28 10:35:48,9,2023-08-28 21:21:48,9,Midnight,120.619,16.385,-6.0,24.47
159,2023-08-28 21:21:48,9,2023-08-29 10:36:48,9,Midday,120.457,17.391,-6.0,27.38
160,2023-08-29 10:36:48,9,2023-08-29 21:27:48,9,Midnight,119.669,13.93,-6.0,26.71
161,2023-08-29 21:27:48,9,2023-08-30 10:30:48,9,Midday,120.381,10.498,-6.0,28.87
162,2023-08-30 10:30:48,9,2023-08-30 21:27:48,9,Midnight,120.343,10.494,-6.0,28.61
163,2023-08-30 21:27:48,9,2023-08-31 10:26:48,9,Midday,120.805,8.099,-6.0,28.83
164,2023-08-31 10:26:48,9,2023-08-31 21:30:48,9,Midnight,120.391,5.8,-6.0,28.39
177,2023-09-06 21:33:48,9,2023-09-07 10:26:48,9,Midday,119.485,5.363,-6.0,28.37
178,2023-09-07 10:26:48,9,2023-09-07 21:22:48,9,Midnight,120.818,15.759,-6.0,28.23
179,2023-09-07 21:22:48,9,2023-09-08 10:24:48,9,Midday,121.025,14.68,-6.0,29.36
180,2023-09-08 10:24:48,9,2023-09-08 21:22:48,9,Midnight,120.983,14.749,-6.0,28.14
181,2023-09-08 21:22:48,9,2023-09-09 10:16:48,9,Midday,121.94,7.249,-6.0,27.4
185,2023-09-10 21:29:48,9,2023-09-11 10:23:48,9,Midday,120.015,8.321,-6.0,27.98
186,2023-09-11 10:23:48,9,2023-09-11 21:27:48,9,Midnight,120.222,10.7,-6.0,27.6
190,2023-09-13 10:18:48,9,2023-09-13 21:25:48,9,Midnight,120.92,8.069,-6.0,26.06
248,2023-10-12 09:54:48,9,2023-10-12 21:33:48,9,Midnight,120.55,30.324,-6.0,20.37
249,2023-10-12 21:33:48,9,2023-10-13 09:53:48,9,Midday,120.643,30.189,-6.0,20.71
250,2023-10-13 09:53:48,9,2023-10-13 21:32:48,9,Midnight,120.738,28.403,-6.0,19.87
251,2023-10-13 21:32:48,9,2023-10-14 09:49:48,9,Midday,121.208,31.552,-6.0,17.2
252,2023-10-14 09:49:48,9,2023-10-14 21:29:48,9,Midnight,121.553,27.79,-6.0,21.87
253,2023-10-14 21:29:48,9,2023-10-15 09:49:48,9,Midday,121.524,26.789,-6.0,23.76
254,2023-10-15 09:49:48,9,2023-10-15 21:35:48,9,Midnight,120.745,32.042,-6.0,18.53
255,2023-10-15 21:35:48,9,2023-10-16 09:52:48,9,Midday,120.343,28.212,-6.0,16.8
256,2023-10-16 09:52:48,9,2023-10-16 21:30:48,9,Midnight,120.94,23.159,-6.0,16.7
257,2023-10-16 21:30:48,9,2023-10-17 09:50:48,9,Midday,121.164,24.196,-6.0,13.69
258,2023-10-17 09:50:48,9,2023-10-17 21:29:48,9,Midnight,121.263,22.954,-6.0,21.15
259,2023-10-17 21:29:48,9,2023-10-18 09:51:48,9,Midday,121.112,21.43,-6.0,27.61
260,2023-10-18 09:51:48,9,2023-10-18 21:35:48,9,Midnight,120.337,26.042,-6.0,24.35
261,2023-10-18 21:35:48,9,2023-10-19 09:49:48,9,Midday,120.563,26.918,-6.0,24.16
262,2023-10-19 09:49:48,9,2023-10-19 21:31:48,9,Midnight,121.04,23.399,-6.0,15.63
263,2023-10-19 21:31:48,9,2023-10-20 09:42:48,9,Midday,121.892,28.087,-6.0,24.39
266,2023-10-21 09:41:48,9,2023-10-21 21:30:48,9,Midnight,122.077,26.62,-6.0,23.02
267,2023-10-21 21:30:48,9,2023-10-22 09:41:48,9,Midday,122.057,26.024,-6.0,23.21
268,2023-10-22 09:41:48,9,2023-10-22 21:35:48,9,Midnight,121.413,29.008,-6.0,15.56
269,2023-10-22 21:35:48,9,2023-10-23 09:42:48,9,Midday,121.269,27.756,-6.0,22.65
270,2023-10-23 09:42:48,9,2023-10-23 21:32:48,9,Midnight,121.626,25.442,-6.0,25.1
271,2023-10-23 21:32:48,9,2023-10-24 09:49:48,9,Midday,120.734,20.415,-6.0,27.64
272,2023-10-24 09:49:48,9,2023-10-24 21:35:48,9,Midnight,120.342,22.086,-6.0,26.57
273,2023-10-24 21:35:48,9,2023-10-25 09:46:48,9,Midday,120.701,23.529,-6.0,16.93
274,2023-10-25 09:46:48,9,2023-10-25 21:34:48,9,Midnight,120.811,22.631,-6.0,20.11
275,2023-10-25 21:34:48,9,2023-10-26 09:48:48,9,Midday,120.547,21.016,-6.0,27.7
276,2023-10-26 09:48:48,9,2023-10-26 21:34:48,9,Midnight,120.534,20.774,-6.0,27.44
277,2023-10-26 21:34:48,9,2023-10-27 09:40:48,9,Midday,121.521,25.055,-6.0,25.15
278,2023-10-27 09:40:48,9,2023-10-27 21:34:48,9,Midnight,121.509,24.754,-6.0,18.31
279,2023-10-27 21:34:48,9,2023-10-28 09:46:48,9,Midday,120.748,20.995,-6.0,27.91
280,2023-10-28 09:46:48,9,2023-10-28 21:35:48,9,Midnight,120.613,21.315,-6.0,25.84
281,2023-10-28 21:35:48,9,2023-10-29 09:44:48,9,Midday,120.853,22.087,-6.0,22.65
282,2023-10-29 09:44:48,9,2023-10-29 21:34:48,9,Midnight,120.969,21.3,-6.0,25.68
283,2023-10-29 21:34:48,9,2023-10-30 09:42:48,9,Midday,121.211,22.058,-6.0,24.78
284,2023-10-30 09:42:48,9,2023-10-30 21:34:48,9,Midnight,121.204,21.813,-6.0,25.78
285,2023-10-30 21:34:48,9,2023-10-31 09:42:48,9,Midday,121.198,21.521,-6.0,26.89
286,2023-10-31 09:42:48,9,2023-10-31 21:40:48,9,Midnight,120.442,24.311,-6.0,24.74
287,2023-10-31 21:40:48,9,2023-11-01 09:46:48,9,Midday,119.938,22.018,-6.0,26.44
288,2023-11-01 09:46:48,9,2023-11-01 21:42:48,9,Midnight,119.684,22.764,-6.0,25.63
289,2023-11-01 21:42:48,9,2023-11-02 09:44:48,9,Midday,119.931,23.462,-6.0,25.6
290,2023-11-02 09:44:48,9,2023-11-02 21:34:48,9,Midnight,120.929,19.352,-6.0,26.22
291,2023-11-02 21:34:48,9,2023-11-03 09:45:48,9,Midday,120.803,18.656,-6.0,26.3
292,2023-11-03 09:45:48,9,2023-11-03 21:34:48,9,Midnight,120.803,18.46,-6.0,26.61
293,2023-11-03 21:34:48,9,2023-11-04 09:46:48,9,Midday,120.678,17.798,-6.0,22.11
294,2023-11-04 09:46:48,9,2023-11-04 21:31:48,9,Midnight,121.054,16.208,-6.0,27.58
295,2023-11-04 21:31:48,9,2023-11-05 09:43:48,9,Midday,121.432,17.446,-6.0,27.7
296,2023-11-05 09:43:48,9,2023-11-05 21:33:48,9,Midnight,121.185,18.176,-6.0,25.24
297,2023-11-05 21:33:48,9,2023-11-06 09:37:48,9,Midday,121.939,20.702,-6.0,27.61
298,2023-11-06 09:37:48,9,2023-11-06 21:36:48,9,Midnight,121.569,21.801,-6.0,27.21
299,2023-11-06 21:36:48,9,2023-11-07 09:44:48,9,Midday,120.7,18.562,-6.0,28.16
300,2023-11-07 09:44:48,9,2023-11-07 21:39:48,9,Midnight,120.331,19.67,-6.0,27.6
301,2023-11-07 21:39:48,9,2023-11-08 09:41:48,9,Midday,120.714,20.799,-6.0,26.11
302,2023-11-08 09:41:48,9,2023-11-08 21:38:48,9,Midnight,120.847,20.163,-6.0,27.7
303,2023-11-08 21:38:48,9,2023-11-09 09:42:48,9,Midday,120.732,19.599,-6.0,28.29
304,2023-11-09 09:42:48,9,2023-11-09 21:35:48,9,Midnight,121.117,18.147,-6.0,24.3
305,2023-11-09 21:35:48,9,2023-11-10 09:40:48,9,Midday,121.378,18.859,-6.0,27.37
306,2023-11-10 09:40:48,9,2023-11-10 21:44:48,9,Midnight,120.265,22.304,-6.0,27.1
307,2023-11-10 21:44:48,9,2023-11-11 09:42:48,9,Midday,120.028,21.368,-6.0,26.93
308,2023-11-11 09:42:48,9,2023-11-11 21:36:48,9,Midnight,121.042,17.96,-6.0,24.88
309,2023-11-11 21:36:48,9,2023-11-12 09:41:48,9,Midday,121.181,18.266,-6.0,22.54
310,2023-11-12 09:41:48,9,2023-11-12 21:39:48,9,Midnight,120.822,19.258,-6.0,27.76
311,2023-11-12 21:39:48,9,2023-11-13 09:41:48,9,Midday,120.838,19.164,-6.0,27.84
312,2023-11-13 09:41:48,9,2023-11-13 21:44:48,9,Midnight,120.231,20.888,-6.0,25.23
313,2023-11-13 21:44:48,9,2023-11-14 09:38:48,9,Midday,120.624,21.921,-6.0,23.57
314,2023-11-14 09:38:48,9,2023-11-14 21:43:48,9,Midnight,120.768,21.333,-6.0,25.13
315,2023-11-14 21:43:48,9,2023-11-15 09:44:48,9,Midday,120.038,18.997,-6.0,26.7
316,2023-11-15 09:44:48,9,2023-11-15 21:42:48,9,Midnight,120.184,18.429,-6.0,27.35
317,2023-11-15 21:42:48,9,2023-11-16 09:42:48,9,Midday,120.456,19.111,-6.0,26.59
318,2023-11-16 09:42:48,9,2023-11-16 21:41:48,9,Midnight,120.604,18.549,-6.0,26.83
319,2023-11-16 21:41:48,9,2023-11-17 09:40:48,9,Midday,120.877,19.227,-6.0,26.86
320,2023-11-17 09:40:48,9,2023-11-17 21:45:48,9,Midnight,120.402,20.473,-6.0,24.57
321,2023-11-17 21:45:48,9,2023-11-18 09:41:48,9,Midday,120.302,20.059,-6.0,23.93
322,2023-11-18 09:41:48,9,2023-11-18 21:45:48,9,Midnight,120.329,19.86,-6.0,24.06
323,2023-11-18 21:45:48,9,2023-11-19 09:40:48,9,Midday,120.481,20.167,-6.0,24.48
324,2023-11-19 09:40:48,9,2023-11-19 21:45:48,9,Midnight,120.509,19.968,-6.0,24.22
325,2023-11-19 21:45:48,9,2023-11-20 09:42:48,9,Midday,120.288,19.235,-6.0,25.44
326,2023-11-20 09:42:48,9,2023-11-20 21:46:48,9,Midnight,120.192,19.388,-6.0,25.58
327,2023-11-20 21:46:48,9,2023-11-21 09:38:48,9,Midday,120.723,20.73,-6.0,25.38
328,2023-11-21 09:38:48,9,2023-11-21 21:45:48,9,Midnight,120.879,20.191,-6.0,25.76
329,2023-11-21 21:45:48,9,2023-11-22 09:41:48,9,Midday,120.536,19.154,-6.0,25.89
330,2023-11-22 09:41:48,9,2023-11-22 21:47:48,9,Midnight,120.319,19.636,-6.0,26.2
331,2023-11-22 21:47:48,9,2023-11-23 09:39:48,9,Midday,120.603,20.291,-6.0,25.93
332,2023-11-23 09:39:48,9,2023-11-23 21:46:48,9,Midnight,120.763,19.764,-6.0,26.45
333,2023-11-23 21:46:48,9,2023-11-24 09:40:48,9,Midday,120.673,19.428,-6.0,26.14
334,2023-11-24 09:40:48,9,2023-11-24 21:45:48,9,Midnight,120.835,18.908,-6.0,25.81
335,2023-11-24 21:45:48,9,2023-11-25 09:40:48,9,Midday,120.872,18.915,-6.0,26.39
336,2023-11-25 09:40:48,9,2023-11-25 21:40:48,9,Midnight,121.534,17.088,-6.0,24.74
337,2023-11-25 21:40:48,9,2023-11-26 09:41:48,9,Midday,121.448,16.783,-6.0,23.7
338,2023-11-26 09:41:48,9,2023-11-26 21:49:48,9,Midnight,120.363,19.521,-6.0,25.75
339,2023-11-26 21:49:48,9,2023-11-27 09:43:48,9,Midday,120.153,18.898,-6.0,26.04
340,2023-11-27 09:43:48,9,2023-11-27 21:49:48,9,Midnight,120.194,18.712,-6.0,26.21
341,2023-11-27 21:49:48,9,2023-11-28 09:46:48,9,Midday,119.861,17.783,-6.0,27.61
343,2023-11-28 21:55:48,9,2023-11-29 09:43:48,9,Midday,119.571,20.466,-6.0,25.59
344,2023-11-29 09:43:48,9,2023-11-29 21:50:48,9,Midnight,120.24,18.72,-6.0,26.69
345,2023-11-29 21:50:48,9,2023-11-30 09:44:48,9,Midday,120.16,18.447,-6.0,27.73
346,2023-11-30 09:44:48,9,2023-11-30 21:45:48,9,Midnight,120.83,16.702,-6.0,18.23
347,2023-11-30 21:45:48,9,2023-12-01 09:37:48,9,Midday,121.75,18.932,-6.0,25.88
348,2023-12-01 09:37:48,9,2023-12-01 21:53:48,9,Midnight,120.797,21.188,-6.0,24.65
349,2023-12-01 21:53:48,9,2023-12-02 09:43:48,9,Midday,120.095,19.412,-6.0,25.81
350,2023-12-02 09:43:48,9,2023-12-02 21:51:48,9,Midnight,120.393,18.62,-6.0,26.35
351,2023-12-02 21:51:48,9,2023-12-03 09:44:48,9,Midday,120.316,18.373,-6.0,26.93
352,2023-12-03 09:44:48,9,2023-12-03 21:50:48,9,Midnight,120.49,17.891,-6.0,27.95
353,2023-12-03 21:50:48,9,2023-12-04 09:42:48,9,Midday,120.79,18.562,-6.0,25.49
354,2023-12-04 09:42:48,9,2023-12-04 21:50:48,9,Midnight,120.84,18.385,-6.0,24.42
355,2023-12-04 21:50:48,9,2023-12-05 09:44:48,9,Midday,120.641,17.853,-6.0,23.16
356,2023-12-05 09:44:48,9,2023-12-05 21:55:48,9,Midnight,120.068,19.173,-6.0,26.11
357,2023-12-05 21:55:48,9,2023-12-06 09:42:48,9,Midday,120.37,19.835,-6.0,26.52
358,2023-12-06 09:42:48,9,2023-12-06 21:54:48,9,Midnight,120.548,19.364,-6.0,25.75
359,2023-12-06 21:54:48,9,2023-12-07 09:41:48,9,Midday,120.726,19.733,-6.0,25.81
360,2023-12-07 09:41:48,9,2023-12-07 21:50:48,9,Midnight,121.279,18.382,-6.0,24.12
361,2023-12-07 21:50:48,9,2023-12-08 09:40:48,9,Midday,121.459,18.76,-6.0,25.39
362,2023-12-08 09:40:48,9,2023-12-08 21:50:48,9,Midnight,121.513,18.588,-6.0,25.5
363,2023-12-08 21:50:48,9,2023-12-09 09:45:48,9,Midday,120.944,17.208,-6.0,19.26
364,2023-12-09 09:45:48,9,2023-12-09 21:50:48,9,Midnight,120.999,17.04,-6.0,23.0
365,2023-12-09 21:50:48,9,2023-12-10 09:46:48,9,Midday,120.93,16.843,-6.0,16.36
366,2023-12-10 09:46:48,9,2023-12-10 21:51:48,9,Midnight,120.862,16.971,-6.0,21.01
367,2023-12-10 21:51:48,9,2023-12-11 09:46:48,9,Midday,120.919,17.073,-6.0,18.16
368,2023-12-11 09:46:48,9,2023-12-11 21:53:48,9,Midnight,120.726,17.492,-6.0,26.55
369,2023-12-11 21:53:48,9,2023-12-12 09:43:48,9,Midday,121.159,18.465,-6.0,22.72
370,2023-12-12 09:43:48,9,2023-12-12 21:54:48,9,Midnight,121.092,18.589,-6.0,26.03
371,2023-12-12 21:54:48,9,2023-12-13 09:46:48,9,Midday,120.776,17.831,-6.0,22.27
372,2023-12-13 09:46:48,9,2023-12-13 21:54:48,9,Midnight,120.834,17.669,-6.0,24.6
373,2023-12-13 21:54:48,9,2023-12-14 09:50:48,9,Midday,120.394,16.626,-6.0,26.71
374,2023-12-14 09:50:48,9,2023-12-14 22:00:48,9,Midnight,119.703,18.196,-6.0,27.97
375,2023-12-14 22:00:48,9,2023-12-15 09:44:48,9,Midday,120.513,20.016,-6.0,26.67
376,2023-12-15 09:44:48,9,2023-12-15 22:02:48,9,Midnight,120.323,20.421,-6.0,26.58
377,2023-12-15 22:02:48,9,2023-12-16 09:41:48,9,Midday,120.758,21.372,-6.0,26.67
378,2023-12-16 09:41:48,9,2023-12-16 21:57:48,9,Midnight,121.443,19.818,-6.0,25.56
379,2023-12-16 21:57:48,9,2023-12-17 09:50:48,9,Midday,120.379,17.383,-6.0,28.35
380,2023-12-17 09:50:48,9,2023-12-17 22:01:48,9,Midnight,119.94,18.371,-6.0,25.73
381,2023-12-17 22:01:48,9,2023-12-18 09:46:48,9,Midday,120.501,19.626,-6.0,24.83
382,2023-12-18 09:46:48,9,2023-12-18 22:02:48,9,Midnight,120.437,19.757,-6.0,25.15
383,2023-12-18 22:02:48,9,2023-12-19 09:50:48,9,Midday,119.999,18.759,-6.0,26.17
384,2023-12-19 09:50:48,9,2023-12-19 22:02:48,9,Midnight,120.06,18.611,-6.0,26.74
385,2023-12-19 22:02:48,9,2023-12-20 09:45:48,9,Midday,120.747,20.148,-6.0,25.27
386,2023-12-20 09:45:48,9,2023-12-20 22:03:48,9,Midnight,120.684,20.283,-6.0,24.46
387,2023-12-20 22:03:48,9,2023-12-21 09:45:48,9,Midday,120.745,20.417,-6.0,23.49
388,2023-12-21 09:45:48,9,2023-12-21 22:07:48,9,Midnight,120.308,21.387,-6.0,21.88
389,2023-12-21 22:07:48,9,2023-12-22 09:48:48,9,Midday,119.995,20.692,-6.0,21.6
390,2023-12-22 09:48:48,9,2023-12-22 22:03:48,9,Midnight,120.556,19.437,-6.0,22.35
391,2023-12-22 22:03:48,9,2023-12-23 09:50:48,9,Midday,120.369,19.017,-6.0,22.39
392,2023-12-23 09:50:48,9,2023-12-23 22:02:48,9,Midnight,120.556,18.599,-6.0,23.79
393,2023-12-23 22:02:48,9,2023-12-24 09:53:48,9,Midday,120.243,17.894,-6.0,25.61
394,2023-12-24 09:53:48,9,2023-12-24 21:59:48,9,Midnight,120.679,16.904,-6.0,14.61
395,2023-12-24 21:59:48,9,2023-12-25 09:52:48,9,Midday,120.866,17.339,-6.0,21.98
396,2023-12-25 09:52:48,9,2023-12-25 22:03:48,9,Midnight,120.428,18.347,-6.0,24.95
397,2023-12-25 22:03:48,9,2023-12-26 09:53:48,9,Midday,120.365,18.214,-6.0,25.19
398,2023-12-26 09:53:48,9,2023-12-26 22:06:48,9,Midnight,120.052,18.939,-6.0,24.54
399,2023-12-26 22:06:48,9,2023-12-27 09:53:48,9,Midday,120.113,19.093,-6.0,25.01
400,2023-12-27 09:53:48,9,2023-12-27 22:03:48,9,Midnight,120.55,18.118,-6.0,26.41
401,2023-12-27 22:03:48,9,2023-12-28 09:57:48,9,Midday,120.111,17.129,-6.0,28.04
402,2023-12-28 09:57:48,9,2023-12-28 22:05:48,9,Midnight,119.922,17.582,-6.0,27.21
403,2023-12-28 22:05:48,9,2023-12-29 09:56:48,9,Midday,120.108,18.028,-6.0,26.96
404,2023-12-29 09:56:48,9,2023-12-29 22:05:48,9,Midnight,120.169,17.91,-6.0,27.06
405,2023-12-29 22:05:48,9,2023-12-30 09:55:48,9,Midday,120.354,18.359,-6.0,26.53
406,2023-12-30 09:55:48,9,2023-12-30 22:10:48,9,Midnight,119.789,19.676,-6.0,24.85
407,2023-12-30 22:10:48,9,2023-12-31 09:56:48,9,Midday,119.724,19.557,-6.0,25.11
408,2023-12-31 09:56:48,9,2023-12-31 22:05:48,9,Midnight,120.409,18.014,-6.0,27.36
409,2023-12-31 22:05:48,9,2024-01-01 09:44:48,9,Midday,121.968,21.605,-6.0,23.73
410,2024-01-01 09:44:48,9,2024-01-01 22:05:48,9,Midnight,122.027,21.509,-6.0,22.01
411,2024-01-01 22:05:48,9,2024-01-02 09:52:48,9,Midday,121.086,19.4,-6.0,23.91
412,2024-01-02 09:52:48,9,2024-01-02 22:05:48,9,Midnight,121.144,19.302,-6.0,24.35
413,2024-01-02 22:05:48,9,2024-01-03 09:56:48,9,Midday,120.702,18.314,-6.0,25.32
414,2024-01-03 09:56:48,9,2024-01-03 22:05:48,9,Midnight,120.76,18.217,-6.0,24.04
415,2024-01-03 22:05:48,9,2024-01-04 09:58:48,9,Midday,120.567,17.803,-6.0,22.85
416,2024-01-04 09:58:48,9,2024-01-04 22:06:48,9,Midnight,120.499,18.004,-6.0,25.79
417,2024-01-04 22:06:48,9,2024-01-05 10:01:48,9,Midday,120.181,17.291,-6.0,27.57
418,2024-01-05 10:01:48,9,2024-01-05 22:07:48,9,Midnight,120.112,17.497,-6.0,26.76
419,2024-01-05 22:07:48,9,2024-01-06 09:56:48,9,Midday,120.792,19.154,-6.0,25.34
420,2024-01-06 09:56:48,9,2024-01-06 22:10:48,9,Midnight,120.473,19.958,-6.0,24.93
421,2024-01-06 22:10:48,9,2024-01-07 09:58:48,9,Midday,120.277,19.55,-6.0,24.41
422,2024-01-07 09:58:48,9,2024-01-07 22:05:48,9,Midnight,120.956,17.984,-6.0,15.47
423,2024-01-07 22:05:48,9,2024-01-08 09:57:48,9,Midday,121.135,18.465,-6.0,21.31
424,2024-01-08 09:57:48,9,2024-01-08 22:10:48,9,Midnight,120.564,19.89,-6.0,24.14
425,2024-01-08 22:10:48,9,2024-01-09 10:00:48,9,Midday,120.241,19.177,-6.0,25.82
426,2024-01-09 10:00:48,9,2024-01-09 22:08:48,9,Midnight,120.543,18.506,-6.0,26.72
427,2024-01-09 22:08:48,9,2024-01-10 10:00:48,9,Midday,120.595,18.691,-6.0,25.44
428,2024-01-10 10:00:48,9,2024-01-10 22:09:48,9,Midnight,120.521,18.934,-6.0,24.65
429,2024-01-10 22:09:48,9,2024-01-11 10:02:48,9,Midday,120.321,18.509,-6.0,24.24
430,2024-01-11 10:02:48,9,2024-01-11 22:08:48,9,Midnight,120.496,18.142,-6.0,25.19
431,2024-01-11 22:08:48,9,2024-01-12 10:00:48,9,Midday,120.795,18.948,-6.0,22.6
432,2024-01-12 10:00:48,9,2024-01-12 22:11:48,9,Midnight,120.469,19.825,-6.0,22.99
433,2024-01-12 22:11:48,9,2024-01-13 10:02:48,9,Midday,120.267,19.4,-6.0,23.55
434,2024-01-13 10:02:48,9,2024-01-13 22:11:48,9,Midnight,120.315,19.357,-6.0,24.18
435,2024-01-13 22:11:48,9,2024-01-14 10:03:48,9,Midday,120.236,19.238,-6.0,24.51
436,2024-01-14 10:03:48,9,2024-01-14 22:10:48,9,Midnight,120.407,18.885,-6.0,24.65
437,2024-01-14 22:10:48,9,2024-01-15 10:03:48,9,Midday,120.453,19.079,-6.0,24.63
438,2024-01-15 10:03:48,9,2024-01-15 22:12:48,9,Midnight,120.248,19.683,-6.0,23.83
439,2024-01-15 22:12:48,9,2024-01-16 10:01:48,9,Midday,120.541,20.518,-6.0,24.05
440,2024-01-16 10:01:48,9,2024-01-16 22:09:48,9,Midnight,120.96,19.539,-6.0,23.8
441,2024-01-16 22:09:48,9,2024-01-17 10:03:48,9,Midday,120.752,19.092,-6.0,24.55
442,2024-01-17 10:03:48,9,2024-01-17 22:09:48,9,Midnight,120.794,19.072,-6.0,23.57
443,2024-01-17 22:09:48,9,2024-01-18 10:02:48,9,Midday,120.96,19.598,-6.0,24.67
444,2024-01-18 10:02:48,9,2024-01-18 22:12:48,9,Midnight,120.626,20.571,-6.0,23.1
445,2024-01-18 22:12:48,9,2024-01-19 10:06:48,9,Midday,120.166,19.461,-6.0,24.99
446,2024-01-19 10:06:48,9,2024-01-19 22:09:48,9,Midnight,120.58,18.454,-6.0,25.27
447,2024-01-19 22:09:48,9,2024-01-20 10:09:48,9,Midday,120.243,17.639,-6.0,26.59
448,2024-01-20 10:09:48,9,2024-01-20 22:12:48,9,Midnight,119.905,18.651,-6.0,26.28
449,2024-01-20 22:12:48,9,2024-01-21 10:09:48,9,Midday,119.942,18.851,-6.0,26.2
450,2024-01-21 10:09:48,9,2024-01-21 22:07:48,9,Midnight,120.603,17.133,-6.0,24.78
451,2024-01-21 22:07:48,9,2024-01-22 10:05:48,9,Midday,121.138,18.714,-6.0,23.66
452,2024-01-22 10:05:48,9,2024-01-22 22:10:48,9,Midnight,120.797,19.767,-6.0,23.34
453,2024-01-22 22:10:48,9,2024-01-23 10:06:48,9,Midday,120.706,19.629,-6.0,23.73
454,2024-01-23 10:06:48,9,2024-01-23 22:08:48,9,Midnight,120.988,18.951,-6.0,23.09
455,2024-01-23 22:08:48,9,2024-01-24 10:06:48,9,Midday,121.02,19.157,-6.0,22.3
456,2024-01-24 10:06:48,9,2024-01-24 22:11:48,9,Midnight,120.676,20.255,-6.0,20.73
457,2024-01-24 22:11:48,9,2024-01-25 10:08:48,9,Midday,120.457,19.756,-6.0,21.96
458,2024-01-25 10:08:48,9,2024-01-25 22:10:48,9,Midnight,120.611,19.437,-6.0,22.39
459,2024-01-25 22:10:48,9,2024-01-26 10:12:48,9,Midday,120.14,18.185,-6.0,24.06
460,2024-01-26 10:12:48,9,2024-01-26 22:11:48,9,Midnight,120.042,18.594,-6.0,23.58
461,2024-01-26 22:11:48,9,2024-01-27 10:10:48,9,Midday,120.319,19.543,-6.0,23.64
462,2024-01-27 10:10:48,9,2024-01-27 22:10:48,9,Midnight,120.47,19.228,-6.0,24.11
463,2024-01-27 22:10:48,9,2024-01-28 10:13:48,9,Midday,120.121,18.306,-6.0,24.73
464,2024-01-28 10:13:48,9,2024-01-28 22:11:48,9,Midnight,120.02,18.745,-6.0,24.54
465,2024-01-28 22:11:48,9,2024-01-29 10:14:48,9,Midday,119.919,18.57,-6.0,25.06
466,2024-01-29 10:14:48,9,2024-01-29 22:11:48,9,Midnight,119.941,18.639,-6.0,24.63
467,2024-01-29 22:11:48,9,2024-01-30 10:13:48,9,Midday,120.088,19.24,-6.0,24.87
468,2024-01-30 10:13:48,9,2024-01-30 22:07:48,9,Midnight,120.609,17.739,-6.0,18.36
469,2024-01-30 22:07:48,9,2024-01-31 10:12:48,9,Midday,120.754,18.344,-6.0,22.9
470,2024-01-31 10:12:48,9,2024-01-31 22:05:48,9,Midnight,121.023,17.619,-6.0,16.85
471,2024-01-31 22:05:48,9,2024-02-01 10:09:48,9,Midday,121.417,19.045,-6.0,25.4
472,2024-02-01 10:09:48,9,2024-02-01 22:10:48,9,Midnight,120.809,21.185,-6.0,24.74
473,2024-02-01 22:10:48,9,2024-02-02 10:12:48,9,Midday,120.451,20.191,-6.0,25.28
474,2024-02-02 10:12:48,9,2024-02-02 22:08:48,9,Midnight,120.717,19.48,-6.0,25.56
475,2024-02-02 22:08:48,9,2024-02-03 10:12:48,9,Midday,120.732,19.703,-6.0,25.72
476,2024-02-03 10:12:48,9,2024-02-03 22:04:48,9,Midnight,121.246,18.122,-6.0,21.45
477,2024-02-03 22:04:48,9,2024-02-04 10:15:48,9,Midday,120.884,17.029,-6.0,17.66
478,2024-02-04 10:15:48,9,2024-02-04 22:07:48,9,Midnight,120.522,18.46,-6.0,25.96
479,2024-02-04 22:07:48,9,2024-02-05 10:16:48,9,Midday,120.408,18.233,-6.0,26.13
480,2024-02-05 10:16:48,9,2024-02-05 22:09:48,9,Midnight,120.169,19.264,-6.0,25.4
481,2024-02-05 22:09:48,9,2024-02-06 10:15:48,9,Midday,120.304,19.939,-6.0,25.26
482,2024-02-06 10:15:48,9,2024-02-06 22:07:48,9,Midnight,120.563,19.195,-6.0,25.94
483,2024-02-06 22:07:48,9,2024-02-07 10:13:48,9,Midday,120.821,20.342,-6.0,25.04
484,2024-02-07 10:13:48,9,2024-02-07 22:08:48,9,Midnight,120.704,20.991,-6.0,24.7
485,2024-02-07 22:08:48,9,2024-02-08 10:17:48,9,Midday,120.21,19.357,-6.0,25.58
486,2024-02-08 10:17:48,9,2024-02-08 22:09:48,9,Midnight,120.091,20.022,-6.0,24.03
487,2024-02-08 22:09:48,9,2024-02-09 10:16:48,9,Midday,120.221,20.744,-6.0,23.37
488,2024-02-09 10:16:48,9,2024-02-09 22:07:48,9,Midnight,120.475,19.984,-6.0,23.84
489,2024-02-09 22:07:48,9,2024-02-10 10:17:48,9,Midday,120.353,19.73,-6.0,23.25
490,2024-02-10 10:17:48,9,2024-02-10 22:06:48,9,Midnight,120.48,19.446,-6.0,23.57
491,2024-02-10 22:06:48,9,2024-02-11 10:17:48,9,Midday,120.482,19.684,-6.0,23.06
492,2024-02-11 10:17:48,9,2024-02-11 22:05:48,9,Midnight,120.607,19.401,-6.0,22.36
493,2024-02-11 22:05:48,9,2024-02-12 10:20:48,9,Midday,120.232,18.059,-6.0,23.93
494,2024-02-12 10:20:48,9,2024-02-12 22:07:48,9,Midnight,119.981,19.359,-6.0,23.16
495,2024-02-12 22:07:48,9,2024-02-13 10:20:48,9,Midday,119.98,19.601,-6.0,23.14
496,2024-02-13 10:20:48,9,2024-02-13 22:05:48,9,Midnight,120.227,18.769,-6.0,24.43
497,2024-02-13 22:05:48,9,2024-02-14 10:19:48,9,Midday,120.349,19.563,-6.0,25.19
498,2024-02-14 10:19:48,9,2024-02-14 22:05:48,9,Midnight,120.345,19.849,-6.0,25.02
499,2024-02-14 22:05:48,9,2024-02-15 10:21:48,9,Midday,120.09,18.953,-6.0,25.74
500,2024-02-15 10:21:48,9,2024-02-15 22:04:48,9,Midnight,120.21,18.661,-6.0,25.58
501,2024-02-15 22:04:48,9,2024-02-16 10:17:48,9,Midday,120.703,21.28,-6.0,24.36
502,2024-02-16 10:17:48,9,2024-02-16 22:03:48,9,Midnight,120.821,21.03,-6.0,23.94
503,2024-02-16 22:03:48,9,2024-02-17 10:20:48,9,Midday,120.438,19.47,-6.0,24.5
504,2024-02-17 10:20:48,9,2024-02-17 22:04:48,9,Midnight,120.305,20.443,-6.0,24.51
505,2024-02-17 22:04:48,9,2024-02-18 10:19:48,9,Midday,120.42,21.358,-6.0,24.45
506,2024-02-18 10:19:48,9,2024-02-18 22:02:48,9,Midnight,120.66,20.464,-6.0,25.63
507,2024-02-18 22:02:48,9,2024-02-19 10:20:48,9,Midday,120.524,20.087,-6.0,25.62
508,2024-02-19 10:20:48,9,2024-02-19 22:02:48,9,Midnight,120.513,20.493,-6.0,25.82
509,2024-02-19 22:02:48,9,2024-02-20 10:20:48,9,Midday,120.501,20.786,-6.0,26.01
510,2024-02-20 10:20:48,9,2024-02-20 22:01:48,9,Midnight,120.613,20.53,-6.0,25.92
511,2024-02-20 22:01:48,9,2024-02-21 10:20:48,9,Midday,120.599,20.83,-6.0,26.02
512,2024-02-21 10:20:48,9,2024-02-21 22:02:48,9,Midnight,120.46,22.04,-6.0,24.92
513,2024-02-21 22:02:48,9,2024-02-22 10:21:48,9,Midday,120.32,21.635,-6.0,25.81
514,2024-02-22 10:21:48,9,2024-02-22 22:00:48,9,Midnight,120.554,20.632,-6.0,25.87
515,2024-02-22 22:00:48,9,2024-02-23 10:19:48,9,Midday,120.788,22.518,-6.0,10.52
516,2024-02-23 10:19:48,9,2024-02-23 22:03:48,9,Midnight,120.396,25.502,-6.0,11.96
517,2024-02-23 22:03:48,9,2024-02-24 10:20:48,9,Midday,120.254,25.137,-6.0,14.06
518,2024-02-24 10:20:48,9,2024-02-24 22:02:48,9,Midnight,120.36,24.992,-6.0,14.86
519,2024-02-24 22:02:48,9,2024-02-25 10:20:48,9,Midday,120.341,25.45,-6.0,13.35
520,2024-02-25 10:20:48,9,2024-02-25 21:57:48,9,Midnight,120.947,21.761,-6.0,23.07
521,2024-02-25 21:57:48,9,2024-02-26 10:23:48,9,Midday,120.552,19.409,-6.0,25.21
522,2024-02-26 10:23:48,9,2024-02-26 21:57:48,9,Midnight,120.531,20.045,-6.0,23.92
523,2024-02-26 21:57:48,9,2024-02-27 10:26:48,9,Midday,120.135,17.512,-6.0,27.08
524,2024-02-27 10:26:48,9,2024-02-27 21:56:48,9,Midnight,120.238,17.151,-6.0,26.32
525,2024-02-27 21:56:48,9,2024-02-28 10:22:48,9,Midday,120.716,21.519,-6.0,22.07
526,2024-02-28 10:22:48,9,2024-02-28 21:57:48,9,Midnight,120.568,23.405,-6.0,21.61
527,2024-02-28 21:57:48,9,2024-02-29 10:21:48,9,Midday,120.67,25.022,-6.0,15.36
528,2024-02-29 10:21:48,9,2024-02-29 21:56:48,9,Midnight,120.77,24.894,-6.0,17.83
529,2024-02-29 21:56:48,9,2024-03-01 10:23:48,9,Midday,120.496,23.105,-6.0,19.72
530,2024-03-01 10:23:48,9,2024-03-01 21:56:48,9,Midnight,120.471,24.146,-6.0,14.53
531,2024-03-01 21:56:48,9,2024-03-02 10:21:48,9,Midday,120.695,27.371,-6.0,7.9
532,2024-03-02 10:21:48,9,2024-03-02 21:55:48,9,Midnight,120.794,27.359,-6.0,6.54
533,2024-03-02 21:55:48,9,2024-03-03 10:21:48,9,Midday,120.768,28.191,-6.0,5.23
534,2024-03-03 10:21:48,9,2024-03-03 21:55:48,9,Midnight,120.741,29.775,-6.0,5.83
537,2024-03-04 21:54:48,9,2024-03-05 10:22:48,9,Midday,120.657,30.533,-6.0,11.47
584,2024-03-28 10:28:48,9,2024-03-28 21:34:48,9,Midnight,120.759,10.413,-6.0,28.36
585,2024-03-28 21:34:48,9,2024-03-29 10:25:48,9,Midday,121.096,5.656,-6.0,28.22
586,2024-03-29 10:25:48,9,2024-03-29 21:34:48,9,Midnight,121.059,4.89,-6.0,28.25
621,2024-04-15 21:11:48,9,2024-04-16 10:12:48,9,Midday,124.364,8.058,-6.0,25.98
625,2024-04-17 21:07:48,9,2024-04-18 10:05:48,9,Midday,125.626,5.725,-6.0,28.38
632,2024-04-21 10:13:48,9,2024-04-21 21:07:48,9,Midnight,124.444,9.207,-6.0,28.07
642,2024-04-26 10:09:48,9,2024-04-26 21:08:48,9,Midnight,124.599,5.659,-6.0,29.36
643,2024-04-26 21:08:48,9,2024-04-27 10:18:48,9,Midday,123.455,9.801,-6.0,24.34
644,2024-04-27 10:18:48,9,2024-04-27 21:06:48,9,Midnight,123.687,10.5,-6.0,29.06
645,2024-04-27 21:06:48,9,2024-04-28 10:07:48,9,Midday,125.044,5.494,-6.0,28.28
651,2024-04-30 21:22:48,9,2024-05-01 10:19:48,9,Midday,121.446,3.298,-6.0,28.21
652,2024-05-01 10:19:48,9,2024-05-01 21:00:48,9,Midnight,124.182,12.402,-6.0,26.81
653,2024-05-01 21:00:48,9,2024-05-02 10:23:48,9,Midday,123.668,13.864,-6.0,28.62
654,2024-05-02 10:23:48,9,2024-05-02 20:58:48,9,Midnight,123.905,14.443,-6.0,28.3
655,2024-05-02 20:58:48,9,2024-05-03 10:19:48,9,Midday,124.393,12.838,-6.0,28.35
656,2024-05-03 10:19:48,9,2024-05-03 21:05:48,9,Midnight,123.506,9.977,-6.0,27.79
657,2024-05-03 21:05:48,9,2024-05-04 10:03:48,9,Midday,125.494,3.435,-6.0,29.02
662,2024-05-06 10:08:48,9,2024-05-06 21:06:48,9,Midnight,124.696,4.776,-6.0,28.53
663,2024-05-06 21:06:48,9,2024-05-07 10:23:48,9,Midday,122.813,10.45,-6.0,29.7
664,2024-05-07 10:23:48,9,2024-05-07 20:52:48,9,Midnight,124.556,15.269,-6.0,28.04
665,2024-05-07 20:52:48,9,2024-05-08 10:18:48,9,Midday,125.174,13.453,-6.0,28.86
666,2024-05-08 10:18:48,9,2024-05-08 21:05:48,9,Midnight,123.543,8.697,-6.0,28.42
667,2024-05-08 21:05:48,9,2024-05-09 10:18:48,9,Midday,123.537,8.633,-6.0,28.39
668,2024-05-09 10:18:48,9,2024-05-09 20:47:48,9,Midnight,125.782,14.79,-6.0,28.03
669,2024-05-09 20:47:48,9,2024-05-10 10:24:48,9,Midday,125.028,16.634,-6.0,28.09
670,2024-05-10 10:24:48,9,2024-05-10 21:17:48,9,Midnight,121.274,6.223,-6.0,28.36
673,2024-05-11 20:47:48,9,2024-05-12 10:29:48,9,Midday,124.391,17.697,-6.0,28.31
675,2024-05-12 20:28:48,9,2024-05-13 10:38:48,9,Midday,125.639,25.281,-6.0,26.59
676,2024-05-13 10:38:48,9,2024-05-13 20:28:48,9,Midnight,125.639,25.134,-6.0,23.57
677,2024-05-13 20:28:48,9,2024-05-14 10:38:48,9,Midday,125.639,24.989,-6.0,24.28
678,2024-05-14 10:38:48,9,2024-05-14 20:27:48,9,Midnight,125.765,25.103,-6.0,23.63
681,2024-05-15 20:28:48,9,2024-05-16 10:38:48,9,Midday,125.647,24.435,-6.0,25.21
689,2024-05-19 20:27:48,9,2024-05-20 10:41:48,9,Midday,125.44,24.422,-6.0,25.9
